<?xml version="1.0" encoding="UTF-8"?>
<beans xmlns="http://www.springframework.org/schema/beans"
       xmlns:xsi="http://www.w3.org/2001/XMLSchema-instance"
       xmlns:dubbo="http://code.alibabatech.com/schema/dubbo"
       xsi:schemaLocation="http://www.springframework.org/schema/beans http://www.springframework.org/schema/beans/spring-beans.xsd
		http://dubbo.apache.org/schema/dubbo http://dubbo.apache.org/schema/dubbo/dubbo.xsd
		http://code.alibabatech.com/schema/dubbo http://code.alibabatech.com/schema/dubbo/dubbo.xsd">
    <!--1、指定当前服务/应用的名字(同样的服务名字相同，不要和别的服务同名)-->
    <dubbo:application name="user-service-provider"></dubbo:application>
    <!--2、指定注册中心的位置-->
    <!--<dubbo:registry address="zookeeper://127.0.0.1:2181"></dubbo:registry>-->
    <dubbo:registry protocol="zookeeper" address="127.0.0.1:2181"></dubbo:registry>
    <!--3、指定通信规则（通信协议? 服务端口）-->
    <dubbo:protocol name="dubbo" port="20880"></dubbo:protocol>
    <!--4、暴露服务 让别人调用 ref指向服务的真正实现对象-->
    <dubbo:service interface="common.service.UserService" group="q1" ref="userServiceImpl"></dubbo:service>
    <dubbo:service interface="common.service.UserService" group="q2" ref="userServiceImpl_1"></dubbo:service>

    <!--服务的实现-->
    <bean id="userServiceImpl" class="provider.service.UserServiceImpl"></bean>
    <bean id="userServiceImpl_1" class="provider.service.UserServiceImpl_1"></bean>
</beans>
